{
    "position": 
    {
        "x": 0.5461,
        "y": -5.304953,
        "z": 0.006
    },
    "orientation": 
    {
        "x": 0.0,
        "y": 0.0,
        "z": 0.999972787533,
        "w": 0.00737727546307
    }
}
